postId,id,name,email,body
1,1,id labore ex et quam laborum,Eliseo@gardner.biz,laudantium enim quasi est quidem magnam voluptate ipsam eos\ntempora quo necessitatibus\ndolor quam autem quasi\nreiciendis et nam sapiente accusantium
1,2,quo vero reiciendis velit similique earum,Jayne_Kuhic@sydney.com,est natus enim nihil est dolore omnis voluptatem numquam\net omnis occaecati quod ullam at\nvoluptatem error expedita pariatur\nnihil sint nostrum voluptatem reiciendis et
1,3,odio adipisci rerum aut animi,Nikita@garfield.biz,quia molestiae reprehenderit quasi aspernatur\naut expedita occaecati aliquam eveniet laudantium\nomnis quibusdam delectus saepe quia accusamus maiores nam est\ncum et ducimus et vero voluptates excepturi deleniti ratione
1,4,alias odio sit,Lew@alysha.tv,non et atque\noccaecati deserunt quas accusantium unde odit nobis qui voluptatem\nquia voluptas consequuntur itaque dolor\net qui rerum deleniti ut occaecati
1,5,vero eaque aliquid doloribus et culpa,Hayden@althea.biz,harum non quasi et ratione\ntempore iure ex voluptates in ratione\nharum architecto fugit inventore cupiditate\nvoluptates magni quo et
2,6,et fugit eligendi deleniti quidem qui sint nihil autem,Presley.Mueller@myrl.com,doloribus at sed quis culpa deserunt consectetur qui praesentium\naccusamus fugiat dicta\nvoluptatem rerum ut voluptate autem\nvoluptatem repellendus aspernatur dolorem in
2,7,repellat consequatur praesentium vel minus molestias voluptatum,Dallas@ole.me,maiores sed dolores similique labore et inventore et\nquasi temporibus esse sunt id et\neos voluptatem aliquam\naliquid ratione corporis molestiae mollitia quia et magnam dolor
2,8,et omnis dolorem,Mallory_Kunze@marie.org,ut voluptatem corrupti velit\nad voluptatem maiores\net nisi velit vero accusamus maiores\nvoluptates quia aliquid ullam eaque
2,9,provident id voluptas,Meghan_Littel@rene.us,sapiente assumenda molestiae atque\nadipisci laborum distinctio aperiam et ab ut omnis\net occaecati aspernatur odit sit rem expedita\nquas enim ipsam minus
2,10,eaque et deleniti atque tenetur ut quo ut,Carmen_Keeling@caroline.name,voluptate iusto quis nobis reprehenderit ipsum amet nulla\nquia quas dolores velit et non\naut quia necessitatibus\nnostrum quaerat nulla et accusamus nisi facilis
3,11,fugit labore quia mollitia quas deserunt nostrum sunt,Veronica_Goodwin@timmothy.net,ut dolorum nostrum id quia aut est\nfuga est inventore vel eligendi explicabo quis consectetur\naut occaecati repellat id natus quo est\nut blanditiis quia ut vel ut maiores ea
3,12,modi ut eos dolores illum nam dolor,Oswald.Vandervort@leanne.org,expedita maiores dignissimos facilis\nipsum est rem est fugit velit sequi\neum odio dolores dolor totam\noccaecati ratione eius rem velit
3,13,aut inventore non pariatur sit vitae voluptatem sapiente,Kariane@jadyn.tv,fuga eos qui dolor rerum\ninventore corporis exercitationem\ncorporis cupiditate et deserunt recusandae est sed quis culpa\neum maiores corporis et
3,14,et officiis id praesentium hic aut ipsa dolorem repudiandae,Nathan@solon.io,vel quae voluptas qui exercitationem\nvoluptatibus unde sed\nminima et qui ipsam aspernatur\nexpedita magnam laudantium et et quaerat ut qui dolorum
3,15,debitis magnam hic odit aut ullam nostrum tenetur,Maynard.Hodkiewicz@roberta.com,nihil ut voluptates blanditiis autem odio dicta rerum\nquisquam saepe et est\nsunt quasi nemo laudantium deserunt\nmolestias tempora quo quia
4,16,perferendis temporibus delectus optio ea eum ratione dolorum,Christine@ayana.info,iste ut laborum aliquid velit facere itaque\nquo ut soluta dicta voluptate\nerror tempore aut et\nsequi reiciendis dignissimos expedita consequuntur libero sed fugiat facilis
4,17,eos est animi quis,Preston_Hudson@blaise.tv,consequatur necessitatibus totam sed sit dolorum\nrecusandae quae odio excepturi voluptatum harum voluptas\nquisquam sit ad eveniet delectus\ndoloribus odio qui non labore
4,18,aut et tenetur ducimus illum aut nulla ab,Vincenza_Klocko@albertha.name,veritatis voluptates necessitatibus maiores corrupti\nneque et exercitationem amet sit et\nullam velit sit magnam laborum\nmagni ut molestias
4,19,sed impedit rerum quia et et inventore unde officiis,Madelynn.Gorczany@darion.biz,doloribus est illo sed minima aperiam\nut dignissimos accusantium tempore atque et aut molestiae\nmagni ut accusamus voluptatem quos ut voluptates\nquisquam porro sed architecto ut
4,20,molestias expedita iste aliquid voluptates,Mariana_Orn@preston.org,qui harum consequatur fugiat\net eligendi perferendis at molestiae commodi ducimus\ndoloremque asperiores numquam qui\nut sit dignissimos reprehenderit tempore
5,21,aliquid rerum mollitia qui a consectetur eum sed,Noemie@marques.me,deleniti aut sed molestias explicabo\ncommodi odio ratione nesciunt\nvoluptate doloremque est\nnam autem error delectus
5,22,porro repellendus aut tempore quis hic,Khalil@emile.co.uk,qui ipsa animi nostrum praesentium voluptatibus odit\nqui non impedit cum qui nostrum aliquid fuga explicabo\nvoluptatem fugit earum voluptas exercitationem temporibus dignissimos distinctio\nesse inventore reprehenderit quidem ut incidunt nihil necessitatibus rerum
5,23,quis tempora quidem nihil iste,Sophia@arianna.co.uk,voluptates provident repellendus iusto perspiciatis ex fugiat ut\nut dolor nam aliquid et expedita voluptate\nsunt vitae illo rerum in quos\nvel eligendi enim quae fugiat est
5,24,in tempore eos beatae est,Jeffery@juwan.us,repudiandae repellat quia\nsequi est dolore explicabo nihil et\net sit et\net praesentium iste atque asperiores tenetur
5,25,autem ab ea sit alias hic provident sit,Isaias_Kuhic@jarrett.net,sunt aut quae laboriosam sit ut impedit\nadipisci harum laborum totam deleniti voluptas odit rem ea\nnon iure distinctio ut velit doloribus\net non ex
6,26,in deleniti sunt provident soluta ratione veniam quam praesentium,Russel.Parker@kameron.io,incidunt sapiente eaque dolor eos\nad est molestias\nquas sit et nihil exercitationem at cumque ullam\nnihil magnam et
6,27,doloribus quibusdam molestiae amet illum,Francesco.Gleason@nella.us,nisi vel quas ut laborum ratione\nrerum magni eum\nunde et voluptatem saepe\nvoluptas corporis modi amet ipsam eos saepe porro
6,28,quo voluptates voluptas nisi veritatis dignissimos dolores ut officiis,Ronny@rosina.org,voluptatem repellendus quo alias at laudantium\nmollitia quidem esse\ntemporibus consequuntur vitae rerum illum\nid corporis sit id
6,29,eum distinctio amet dolor,Jennings_Pouros@erica.biz,tempora voluptatem est\nmagnam distinctio autem est dolorem\net ipsa molestiae odit rerum itaque corporis nihil nam\neaque rerum error
6,30,quasi nulla ducimus facilis non voluptas aut,Lurline@marvin.biz,consequuntur quia voluptate assumenda et\nautem voluptatem reiciendis ipsum animi est provident\nearum aperiam sapiente ad vitae iste\naccusantium aperiam eius qui dolore voluptatem et
7,31,ex velit ut cum eius odio ad placeat,Buford@shaylee.biz,quia incidunt ut\naliquid est ut rerum deleniti iure est\nipsum quia ea sint et\nvoluptatem quaerat eaque repudiandae eveniet aut
7,32,dolorem architecto ut pariatur quae qui suscipit,Maria@laurel.name,nihil ea itaque libero illo\nofficiis quo quo dicta inventore consequatur voluptas voluptatem\ncorporis sed necessitatibus velit tempore\nrerum velit et temporibus
7,33,voluptatum totam vel voluptate omnis,Jaeden.Towne@arlene.tv,fugit harum quae vero\nlibero unde tempore\nsoluta eaque culpa sequi quibusdam nulla id\net et necessitatibus
7,34,omnis nemo sunt ab autem,Ethelyn.Schneider@emelia.co.uk,omnis temporibus quasi ab omnis\nfacilis et omnis illum quae quasi aut\nminus iure ex rem ut reprehenderit\nin non fugit
7,35,repellendus sapiente omnis praesentium aliquam ipsum id molestiae omnis,Georgianna@florence.io,dolor mollitia quidem facere et\nvel est ut\nut repudiandae est quidem dolorem sed atque\nrem quia aut adipisci sunt
8,36,sit et quis,Raheem_Heaney@gretchen.biz,aut vero est\ndolor non aut excepturi dignissimos illo nisi aut quas\naut magni quia nostrum provident magnam quas modi maxime\nvoluptatem et molestiae
8,37,beatae veniam nemo rerum voluptate quam aspernatur,Jacky@victoria.net,qui rem amet aut\ncumque maiores earum ut quia sit nam esse qui\niusto aspernatur quis voluptas\ndolorem distinctio ex temporibus rem
8,38,maiores dolores expedita,Piper@linwood.us,unde voluptatem qui dicta\nvel ad aut eos error consequatur voluptatem\nadipisci doloribus qui est sit aut\nvelit aut et ea ratione eveniet iure fuga
8,39,necessitatibus ratione aut ut delectus quae ut,Gaylord@russell.net,atque consequatur dolorem sunt\nadipisci autem et\nvoluptatibus et quae necessitatibus rerum eaque aperiam nostrum nemo\neligendi sed et beatae et inventore
8,40,non minima omnis deleniti pariatur facere quibusdam at,Clare.Aufderhar@nicole.ca,quod minus alias quos\nperferendis labore molestias quae ut ut corporis deserunt vitae\net quaerat ut et ullam unde asperiores\ncum voluptatem cumque
9,41,voluptas deleniti ut,Lucio@gladys.tv,facere repudiandae vitae ea aut sed quo ut et\nfacere nihil ut voluptates in\nsaepe cupiditate accusantium numquam dolores\ninventore sint mollitia provident
9,42,nam qui et,Shemar@ewell.name,aut culpa quaerat veritatis eos debitis\naut repellat eius explicabo et\nofficiis quo sint at magni ratione et iure\nincidunt quo sequi quia dolorum beatae qui
9,43,molestias sint est voluptatem modi,Jackeline@eva.tv,voluptatem ut possimus laborum quae ut commodi delectus\nin et consequatur\nin voluptas beatae molestiae\nest rerum laborum et et velit sint ipsum dolorem
9,44,hic molestiae et fuga ea maxime quod,Marianna_Wilkinson@rupert.io,qui sunt commodi\nsint vel optio vitae quis qui non distinctio\nid quasi modi dicta\neos nihil sit inventore est numquam officiis
9,45,autem illo facilis,Marcia@name.biz,ipsum odio harum voluptatem sunt cumque et dolores\nnihil laboriosam neque commodi qui est\nquos numquam voluptatum\ncorporis quo in vitae similique cumque tempore
10,46,dignissimos et deleniti voluptate et quod,Jeremy.Harann@waino.me,exercitationem et id quae cum omnis\nvoluptatibus accusantium et quidem\nut ipsam sint\ndoloremque illo ex atque necessitatibus sed
10,47,rerum commodi est non dolor nesciunt ut,Pearlie.Kling@sandy.com,occaecati laudantium ratione non cumque\nearum quod non enim soluta nisi velit similique voluptatibus\nesse laudantium consequatur voluptatem rem eaque voluptatem aut ut\net sit quam
10,48,consequatur animi dolorem saepe repellendus ut quo aut tenetur,Manuela_Stehr@chelsie.tv,illum et alias quidem magni voluptatum\nab soluta ea qui saepe corrupti hic et\ncum repellat esse\nest sint vel veritatis officia consequuntur cum
10,49,rerum placeat quae minus iusto eligendi,Camryn.Weimann@doris.io,id est iure occaecati quam similique enim\nab repudiandae non\nillum expedita quam excepturi soluta qui placeat\nperspiciatis optio maiores non doloremque aut iusto sapiente